{
  "status": "success",
  "elapsed_time": 1.991594976,
  "cpu_time": 1.991594976,
  "max_rss_kb": 80100,
  "initial_energy": -0.001398448791463237,
  "final_energy": -0.0013984487915725383,
  "energy_drift": 1.0930123993391216e-13,
  "error": null
}