{
  "status": "success",
  "elapsed_time": 0.03,
  "cpu_time": 0.03,
  "max_rss_kb": 4148,
  "initial_energy": -0.014705211518690076,
  "final_energy": -0.01470521149770535,
  "energy_drift": 2.0984726109563034e-11,
  "error": null
}