{
  "status": "success",
  "elapsed_time": 4.159037828,
  "cpu_time": 4.159037828,
  "max_rss_kb": 350820,
  "initial_energy": -0.001398448791463237,
  "final_energy": -0.001398448791464761,
  "energy_drift": 1.523954573645625e-15,
  "error": null
}