{
  "status": "success",
  "elapsed_time": 0.616890026,
  "cpu_time": 0.616890026,
  "max_rss_kb": 80404,
  "initial_energy": -0.0013984487914616283,
  "final_energy": -0.0013984487915679887,
  "energy_drift": 1.0636044996126248e-13,
  "error": null
}