{
  "status": "success",
  "elapsed_time": 0.03,
  "cpu_time": 0.03,
  "max_rss_kb": 3992,
  "initial_energy": -0.014705211518690076,
  "final_energy": -0.01470521149749954,
  "energy_drift": 2.11905354374764e-11,
  "error": null
}