{
  "status": "success",
  "elapsed_time": 0.011850791,
  "cpu_time": 0.011850791,
  "max_rss_kb": 4808,
  "initial_energy": -0.014705211518690076,
  "final_energy": -0.014705211496600794,
  "energy_drift": 2.2089281792592175e-11,
  "error": null
}