{
  "status": "success",
  "elapsed_time": 0.03,
  "cpu_time": 0.03,
  "max_rss_kb": 3972,
  "initial_energy": -0.014705211518690076,
  "final_energy": -0.014705211496957409,
  "energy_drift": 2.173266774874172e-11,
  "error": null
}