{
  "status": "success",
  "elapsed_time": 1.82,
  "cpu_time": 1.82,
  "max_rss_kb": 3992,
  "initial_energy": -0.014705211518690076,
  "final_energy": -0.014705211518652594,
  "energy_drift": 3.748217014543087e-14,
  "error": null
}