{
  "status": "success",
  "elapsed_time": 17.35781181,
  "cpu_time": 17.35781181,
  "max_rss_kb": 22904,
  "initial_energy": -0.001398448791463237,
  "final_energy": -0.0013984487914647608,
  "energy_drift": 1.523737733211128e-15,
  "error": null
}