{
  "status": "success",
  "elapsed_time": 3.167401314,
  "cpu_time": 3.167401314,
  "max_rss_kb": 411836,
  "initial_energy": -0.014705211518690076,
  "final_energy": -0.014705205795808508,
  "energy_drift": 5.7228815679433165e-09,
  "error": null
}